Epoch,Acc_Q,F1_Q,NMI_Q,ARI_Q,Acc_Z,F1_Z,NMI_Z,ARI_Z,Acc_P,F1_P,NMI_P,ARI_P
0,0.9944444444444445,0.9944440586151817,0.9742376359151578,0.9832862676849272,0.48333333333333334,0.3946899789541849,0.2541599509800689,0.10021359628695778,0.9944444444444445,0.9944440586151817,0.9742376359151578,0.9832862676849272
1,0.9888888888888889,0.9888885030596262,0.9485174162625059,0.9667129869019139,0.5055555555555555,0.42453874377946854,0.28388489955093316,0.12442933515841008,0.9888888888888889,0.9888885030596262,0.9485174162625059,0.9667129869019139
2,0.9888888888888889,0.9888885030596262,0.9485174162625059,0.9667129869019139,0.5277777777777778,0.44718566474119575,0.3235478790534607,0.1635890576367934,0.9888888888888889,0.9888885030596262,0.9485174162625059,0.9667129869019139
3,0.9833333333333333,0.9833310373329661,0.9298040741340827,0.9504253548023157,0.5388888888888889,0.46416374640717484,0.3347228869404568,0.17296951336059058,0.9888888888888889,0.9888885030596262,0.9485174162625059,0.9667129869019139
4,0.9888888888888889,0.9888885030596262,0.9485174162625059,0.9667129869019139,0.5555555555555556,0.4847789115646259,0.37128062186936045,0.22813934148520035,0.9888888888888889,0.9888885030596262,0.9485174162625059,0.9667129869019139
5,0.9888888888888889,0.9888885030596262,0.9485174162625059,0.9667129869019139,0.5888888888888889,0.519992288413341,0.4256892483298461,0.2949188266386513,0.9888888888888889,0.9888885030596262,0.9485174162625059,0.9667129869019139
6,0.9888888888888889,0.9888885030596262,0.9485174162625059,0.9667129869019139,0.6,0.5369369612594249,0.4432819749669296,0.3214406105920417,0.9888888888888889,0.9888885030596262,0.9485174162625059,0.9667129869019139
7,0.9888888888888889,0.9888885030596262,0.9485174162625059,0.9667129869019139,0.6222222222222222,0.5548985101223907,0.49678598583429917,0.38611097407937767,0.9888888888888889,0.9888885030596262,0.9485174162625059,0.9667129869019139
8,0.9888888888888889,0.9888885030596262,0.9485174162625059,0.9667129869019139,0.6388888888888888,0.5739944764181443,0.5240221172470068,0.4193188700592747,0.9888888888888889,0.9888885030596262,0.9485174162625059,0.9667129869019139
9,0.9888888888888889,0.9888885030596262,0.9485174162625059,0.9667129869019139,0.65,0.5893167701863354,0.5487987449373011,0.45184407848026736,0.9888888888888889,0.9888885030596262,0.9485174162625059,0.9667129869019139
10,0.9888888888888889,0.9888885030596262,0.9485174162625059,0.9667129869019139,0.6666666666666666,0.6129674180997357,0.5623714901146492,0.4683784056395486,0.9888888888888889,0.9888885030596262,0.9485174162625059,0.9667129869019139
11,0.9888888888888889,0.9888885030596262,0.9485174162625059,0.9667129869019139,0.6722222222222223,0.6228299305222381,0.5738414154437185,0.4838255419864731,0.9888888888888889,0.9888885030596262,0.9485174162625059,0.9667129869019139
12,0.9888888888888889,0.9888885030596262,0.9485174162625059,0.9667129869019139,0.6611111111111111,0.6203574203574204,0.5594833001555714,0.47558153669980485,0.9888888888888889,0.9888885030596262,0.9485174162625059,0.9667129869019139
13,0.9888888888888889,0.9888885030596262,0.9485174162625059,0.9667129869019139,0.6666666666666666,0.637537328802389,0.5486858551177349,0.46859684345996166,0.9888888888888889,0.9888885030596262,0.9485174162625059,0.9667129869019139
14,0.9888888888888889,0.9888885030596262,0.9485174162625059,0.9667129869019139,0.6777777777777778,0.6519617299282804,0.538950863733403,0.4765743835979484,0.9888888888888889,0.9888885030596262,0.9485174162625059,0.9667129869019139
15,0.9888888888888889,0.9888885030596262,0.9485174162625059,0.9667129869019139,0.6444444444444445,0.6273803274666087,0.4714992350511677,0.4386941015591894,0.9888888888888889,0.9888885030596262,0.9485174162625059,0.9667129869019139
16,0.9777777777777777,0.9777693632227592,0.9137304977006524,0.9344279655200274,0.65,0.639272366579875,0.4551733072554357,0.42575027934388454,0.9888888888888889,0.9888885030596262,0.9485174162625059,0.9667129869019139
17,0.9777777777777777,0.9777693632227592,0.9137304977006524,0.9344279655200274,0.65,0.6422233385519798,0.4534093162204041,0.4237014566980939,0.9833333333333333,0.9833310373329661,0.9298040741340827,0.9504253548023157
18,0.9777777777777777,0.9777693632227592,0.9137304977006524,0.9344279655200274,0.6555555555555556,0.6499624258955161,0.47057318746946664,0.43807734141624377,0.9777777777777777,0.9777693632227592,0.9137304977006524,0.9344279655200274
19,0.9777777777777777,0.9777693632227592,0.9137304977006524,0.9344279655200274,0.65,0.6445249382773289,0.4703534867452584,0.4377489356665185,0.9777777777777777,0.9777693632227592,0.9137304977006524,0.9344279655200274
20,0.9777777777777777,0.9777693632227592,0.9137304977006524,0.9344279655200274,0.6555555555555556,0.6503458982375735,0.4713352116753809,0.4391995034903002,0.9777777777777777,0.9777693632227592,0.9137304977006524,0.9344279655200274
21,0.9777777777777777,0.9777693632227592,0.9137304977006524,0.9344279655200274,0.6611111111111111,0.655366463237431,0.4727302686297402,0.44106309183559306,0.9777777777777777,0.9777693632227592,0.9137304977006524,0.9344279655200274
22,0.9777777777777777,0.9777693632227592,0.9137304977006524,0.9344279655200274,0.6444444444444445,0.6328257587101928,0.4486314082472052,0.4267773494111084,0.9777777777777777,0.9777693632227592,0.9137304977006524,0.9344279655200274
23,0.9777777777777777,0.9777693632227592,0.9137304977006524,0.9344279655200274,0.6611111111111111,0.6470909557357961,0.4769707369058503,0.445386773931393,0.9777777777777777,0.9777693632227592,0.9137304977006524,0.9344279655200274
24,0.9777777777777777,0.9777693632227592,0.9137304977006524,0.9344279655200274,0.65,0.6337311010726834,0.4777819862160959,0.4463842147976253,0.9777777777777777,0.9777693632227592,0.9137304977006524,0.9344279655200274
25,0.9777777777777777,0.9778991828327692,0.9134577324350996,0.9336045602508797,0.6444444444444445,0.6258169934640522,0.47014691224633254,0.44061124904742005,0.9777777777777777,0.9777693632227592,0.9137304977006524,0.9344279655200274
26,0.9777777777777777,0.9778991828327692,0.9134577324350996,0.9336045602508797,0.6444444444444445,0.6247834017327861,0.4627251894303393,0.4341982034775312,0.9777777777777777,0.9778991828327692,0.9134577324350996,0.9336045602508797
27,0.9777777777777777,0.9778991828327692,0.9134577324350996,0.9336045602508797,0.6444444444444445,0.6247834017327861,0.4627251894303393,0.4341982034775312,0.9777777777777777,0.9778991828327692,0.9134577324350996,0.9336045602508797
28,0.9777777777777777,0.9778991828327692,0.9134577324350996,0.9336045602508797,0.6444444444444445,0.6247834017327861,0.4627251894303393,0.4341982034775312,0.9777777777777777,0.9778991828327692,0.9134577324350996,0.9336045602508797
29,0.9777777777777777,0.9778991828327692,0.9134577324350996,0.9336045602508797,0.6444444444444445,0.6247834017327861,0.4627251894303393,0.4341982034775312,0.9777777777777777,0.9778991828327692,0.9134577324350996,0.9336045602508797
30,0.9777777777777777,0.9778991828327692,0.9134577324350996,0.9336045602508797,0.6444444444444445,0.6247834017327861,0.4627251894303393,0.4341982034775312,0.9777777777777777,0.9778991828327692,0.9134577324350996,0.9336045602508797
31,0.9777777777777777,0.9778991828327692,0.9134577324350996,0.9336045602508797,0.65,0.6324733324190731,0.45398947190758776,0.42540341053899206,0.9777777777777777,0.9778991828327692,0.9134577324350996,0.9336045602508797
32,0.9777777777777777,0.9778991828327692,0.9134577324350996,0.9336045602508797,0.6444444444444445,0.6273171273171273,0.45266959983655636,0.42404311570841985,0.9777777777777777,0.9778991828327692,0.9134577324350996,0.9336045602508797
33,0.9777777777777777,0.9778991828327692,0.9134577324350996,0.9336045602508797,0.6444444444444445,0.6298941050779286,0.4499832939349728,0.4207730802522951,0.9777777777777777,0.9778991828327692,0.9134577324350996,0.9336045602508797
34,0.9833333333333333,0.9834190807368834,0.9296250480161892,0.9498731984810488,0.65,0.6370891330891331,0.44885857259897805,0.4192938155360582,0.9833333333333333,0.9834190807368834,0.9296250480161892,0.9498731984810488
35,0.9777777777777777,0.9778991828327692,0.9134577324350996,0.9336045602508797,0.6777777777777778,0.6672882672882673,0.4516312985125771,0.42350956657555644,0.9777777777777777,0.9778991828327692,0.9134577324350996,0.9336045602508797
36,0.9722222222222222,0.9724699406055338,0.8945514457673995,0.916783935513763,0.6555555555555556,0.6432542021227446,0.4407886714998623,0.41115155151307775,0.9777777777777777,0.9778991828327692,0.9134577324350996,0.9336045602508797
37,0.9833333333333333,0.9833310373329661,0.9298040741340827,0.9504253548023157,0.6444444444444445,0.6313033385543735,0.43973759645564087,0.4096969337107436,0.9833333333333333,0.9834190807368834,0.9296250480161892,0.9498731984810488
38,0.9722222222222222,0.9724699406055338,0.8945514457673995,0.916783935513763,0.6555555555555556,0.6409861325115562,0.4351019698082038,0.4057368225628801,0.9722222222222222,0.9724699406055338,0.8945514457673995,0.916783935513763
39,0.9722222222222222,0.9724699406055338,0.8945514457673995,0.916783935513763,0.65,0.6346932434358231,0.4346407084634534,0.40501421817946487,0.9722222222222222,0.9724699406055338,0.8945514457673995,0.916783935513763
40,0.9833333333333333,0.9833310373329661,0.9298040741340827,0.9504253548023157,0.6666666666666666,0.6541004040531361,0.45620642825551916,0.42718860243598117,0.9833333333333333,0.9834190807368834,0.9296250480161892,0.9498731984810488
41,0.9666666666666667,0.9669830137392967,0.880038546338381,0.9006886564460062,0.6722222222222223,0.6574065934065935,0.45109635849161084,0.423751142929401,0.9666666666666667,0.9669830137392967,0.880038546338381,0.9006886564460062
42,0.9722222222222222,0.9724699406055338,0.8945514457673995,0.916783935513763,0.6777777777777778,0.6625966625966626,0.4526501978966311,0.42613397846319373,0.9722222222222222,0.9724699406055338,0.8945514457673995,0.916783935513763
43,0.9777777777777777,0.9779478767997084,0.9107705593574371,0.9331802511426268,0.6722222222222223,0.6559785353535353,0.43564992081262927,0.41853630164956873,0.9722222222222222,0.9724699406055338,0.8945514457673995,0.916783935513763
44,0.95,0.9506533178503802,0.8381063993309322,0.8525421222725257,0.6666666666666666,0.6463467048995413,0.4292770531693879,0.4131093324546973,0.9555555555555556,0.9561269044964696,0.8504076620805806,0.8681380534825335
45,0.9777777777777777,0.9779478767997084,0.9107705593574371,0.9331802511426268,0.6722222222222223,0.6541289090262971,0.436886380798614,0.4201197756211587,0.9722222222222222,0.9724699406055338,0.8945514457673995,0.916783935513763
46,0.9666666666666667,0.9669830137392967,0.880038546338381,0.9006886564460062,0.6611111111111111,0.6393231409704278,0.42902174162342493,0.4125041016644112,0.9611111111111111,0.9614848254506138,0.8667901986633193,0.8848986394669712
47,0.9555555555555556,0.9559730895034195,0.8545461125820462,0.8694179271305257,0.6611111111111111,0.6369486972353949,0.4305661480484008,0.414479642165715,0.9555555555555556,0.9559730895034195,0.8545461125820462,0.8694179271305257
48,0.9777777777777777,0.9778657651816863,0.9040347284479812,0.9337163945383966,0.6777777777777778,0.6599235359376318,0.44672476126090416,0.42919381430133163,0.9666666666666667,0.9669205978503891,0.869091373038684,0.9010385094648418
49,0.9444444444444444,0.9451629982603434,0.8266360284010736,0.837262423400528,0.6833333333333333,0.6584180582733005,0.43762698245556514,0.42429865077798096,0.95,0.9506533178503802,0.8381063993309322,0.8525421222725257
50,0.9555555555555556,0.9559730895034195,0.8545461125820462,0.8694179271305257,0.6833333333333333,0.6644071977316705,0.42014760229814124,0.41706795098124283,0.9555555555555556,0.9559730895034195,0.8545461125820462,0.8694179271305257
51,0.9611111111111111,0.9614357191152324,0.8546171327942587,0.8850802042203341,0.6833333333333333,0.6664674852151418,0.41838069985286236,0.4149303401337476,0.9555555555555556,0.9559398638682527,0.8414053845809878,0.8694271134090893
52,0.9444444444444444,0.9451629982603434,0.8266360284010736,0.837262423400528,0.6833333333333333,0.6644071977316705,0.42014760229814124,0.41706795098124283,0.9444444444444444,0.9451629982603434,0.8266360284010736,0.837262423400528
53,0.9611111111111111,0.9614357191152324,0.8546171327942587,0.8850802042203341,0.6833333333333333,0.6664674852151418,0.41838069985286236,0.4149303401337476,0.95,0.9504307317622449,0.8291957844773035,0.8540832858922667
54,0.9388888888888889,0.939653645760516,0.815874305984257,0.8223026016213172,0.6888888888888889,0.6705700330915109,0.41441524946310504,0.41327464753503484,0.9388888888888889,0.939653645760516,0.815874305984257,0.8223026016213172
55,0.95,0.9504307317622449,0.8291957844773035,0.8540832858922667,0.6833333333333333,0.6692024886877829,0.4088690424138625,0.40577871128471305,0.95,0.9504307317622449,0.8291957844773035,0.8540832858922667
56,0.95,0.950445500980765,0.8431342535984113,0.8542503756393299,0.6944444444444444,0.6769634327773862,0.43906650300371997,0.4277642998873109,0.9444444444444444,0.9448997330353263,0.8324323726871844,0.8393996517454928
57,0.9444444444444444,0.9448997330353263,0.8324323726871844,0.8393996517454928,0.7,0.683076923076923,0.4344872045200637,0.4247961630695444,0.9388888888888889,0.939653645760516,0.815874305984257,0.8223026016213172
58,0.95,0.9504307317622449,0.8291957844773035,0.8540832858922667,0.6944444444444444,0.6795994974115912,0.4302352477805715,0.4188361331584559,0.95,0.9504307317622449,0.8291957844773035,0.8540832858922667
59,0.9277777777777778,0.9291162689332025,0.7874213220152799,0.7890700001325774,0.7,0.6785961404784224,0.4325110459303655,0.4241178401507365,0.9277777777777778,0.9291162689332025,0.7874213220152799,0.7890700001325774
60,0.95,0.9504307317622449,0.8291957844773035,0.8540832858922667,0.6944444444444444,0.6795994974115912,0.4302352477805715,0.4188361331584559,0.95,0.9504307317622449,0.8291957844773035,0.8540832858922667
61,0.95,0.9504307317622449,0.8291957844773035,0.8540832858922667,0.7055555555555556,0.6926593406593406,0.4338792102667485,0.42430830885356885,0.95,0.9504307317622449,0.8291957844773035,0.8540832858922667
62,0.9333333333333333,0.9343931930138827,0.8010180311903137,0.8055246824931004,0.7,0.6808702847015223,0.40869486257995874,0.404265190998693,0.9333333333333333,0.9343931930138827,0.8010180311903137,0.8055246824931004
63,0.95,0.9504307317622449,0.8291957844773035,0.8540832858922667,0.7166666666666667,0.7045604730396574,0.4298680596999738,0.42297953935311927,0.95,0.9504307317622449,0.8291957844773035,0.8540832858922667
64,0.9444444444444444,0.9448997330353263,0.8324323726871844,0.8393996517454928,0.7111111111111111,0.6944828333579626,0.4136327518396043,0.41111449048911464,0.9444444444444444,0.9448997330353263,0.8324323726871844,0.8393996517454928
65,0.95,0.9504307317622449,0.8291957844773035,0.8540832858922667,0.7222222222222222,0.7095342441555315,0.4300999939495487,0.424805318759174,0.9555555555555556,0.9559730895034195,0.8545461125820462,0.8694179271305257
66,0.95,0.950445500980765,0.8431342535984113,0.8542503756393299,0.7333333333333333,0.7213331942049104,0.4376204579937002,0.4353874528125032,0.95,0.950445500980765,0.8431342535984113,0.8542503756393299
67,0.95,0.9504307317622449,0.8291957844773035,0.8540832858922667,0.7388888888888889,0.7289925700611076,0.44397891360387104,0.4426980467254523,0.9555555555555556,0.9559730895034195,0.8545461125820462,0.8694179271305257
68,0.95,0.950445500980765,0.8431342535984113,0.8542503756393299,0.7444444444444445,0.7343995510662178,0.4483025411257514,0.4489878302721979,0.9444444444444444,0.9448997330353263,0.8324323726871844,0.8393996517454928
69,0.95,0.9504307317622449,0.8291957844773035,0.8540832858922667,0.7277777777777777,0.7206161914126517,0.41174316268818345,0.4149563131879686,0.95,0.9504307317622449,0.8291957844773035,0.8540832858922667
70,0.9555555555555556,0.9559730895034195,0.8545461125820462,0.8694179271305257,0.7388888888888889,0.731402249049308,0.4206663376204161,0.42815701538574524,0.95,0.950445500980765,0.8431342535984113,0.8542503756393299
71,0.95,0.9504307317622449,0.8291957844773035,0.8540832858922667,0.7277777777777777,0.7229809240678806,0.4052877208496061,0.40879324935473843,0.95,0.9504307317622449,0.8291957844773035,0.8540832858922667
72,0.9166666666666666,0.9178683649422062,0.7519016590869794,0.7595533212614966,0.7388888888888889,0.731025978533035,0.4137456930194927,0.4242907885870274,0.9166666666666666,0.9183920762868132,0.7644949068324968,0.7580047492627435
73,0.9555555555555556,0.9559730895034195,0.8545461125820462,0.8694179271305257,0.7444444444444445,0.7384920634920635,0.41976554388890586,0.4309209702856285,0.9555555555555556,0.9559730895034195,0.8545461125820462,0.8694179271305257
74,0.9611111111111111,0.9612850241545893,0.8603298846544778,0.8862245037913671,0.7166666666666667,0.7128625175723003,0.3890683680089339,0.3892803810111486,0.9555555555555556,0.9557365636313003,0.8481769889268722,0.8710006924665282
75,0.9555555555555556,0.9559730895034195,0.8545461125820462,0.8694179271305257,0.7388888888888889,0.731025978533035,0.4137456930194927,0.4242907885870274,0.95,0.9506533178503802,0.8381063993309322,0.8525421222725257
76,0.9222222222222223,0.9236543487030184,0.7771543599965198,0.7742298874035826,0.7166666666666667,0.6986603187261081,0.4147911877402685,0.4157080119262647,0.9222222222222223,0.9236543487030184,0.7771543599965198,0.7742298874035826
77,0.9555555555555556,0.9559730895034195,0.8545461125820462,0.8694179271305257,0.7277777777777777,0.7179978140543447,0.40323195538784956,0.4110442216296315,0.9555555555555556,0.9559730895034195,0.8545461125820462,0.8694179271305257
78,0.9611111111111111,0.9612850241545893,0.8603298846544778,0.8862245037913671,0.7444444444444445,0.7396283393835413,0.4087821852929587,0.42039111499143744,0.9611111111111111,0.9612850241545893,0.8603298846544778,0.8862245037913671
79,0.95,0.9504307317622449,0.8291957844773035,0.8540832858922667,0.7388888888888889,0.7318762848174614,0.41059129294038615,0.4203254655842294,0.95,0.9504307317622449,0.8291957844773035,0.8540832858922667
80,0.9166666666666666,0.9181671790367442,0.767431756724482,0.7597221952026146,0.7222222222222222,0.7013777267508611,0.4189731105269737,0.4215846935732316,0.9166666666666666,0.9181671790367442,0.767431756724482,0.7597221952026146
81,0.9333333333333333,0.9341229341229341,0.8057298925341747,0.8076661071822351,0.7277777777777777,0.7147247229577326,0.40216863055379876,0.4110530445858291,0.9333333333333333,0.9341229341229341,0.8057298925341747,0.8076661071822351
82,0.9555555555555556,0.9557365636313003,0.8481769889268722,0.8710006924665282,0.7388888888888889,0.7342627136044381,0.4033571025938632,0.4124930268730425,0.95,0.9504307317622449,0.8291957844773035,0.8540832858922667
83,0.9555555555555556,0.9557365636313003,0.8481769889268722,0.8710006924665282,0.7388888888888889,0.7342627136044381,0.4033571025938632,0.4124930268730425,0.95,0.9504307317622449,0.8291957844773035,0.8540832858922667
84,0.9444444444444444,0.9451629982603434,0.8266360284010736,0.837262423400528,0.7444444444444445,0.7366773695738749,0.41391971401412647,0.42803020842439155,0.9444444444444444,0.9451629982603434,0.8266360284010736,0.837262423400528
85,0.9277777777777778,0.9285685075158758,0.7961319787804166,0.7933561933744336,0.7388888888888889,0.7238631460046706,0.40604836689431034,0.4283998359407043,0.9277777777777778,0.9285685075158758,0.7961319787804166,0.7933561933744336
86,0.9444444444444444,0.9451629982603434,0.8266360284010736,0.837262423400528,0.7444444444444445,0.7368097679378862,0.3950674238166259,0.42159752352889335,0.9388888888888889,0.939653645760516,0.815874305984257,0.8223026016213172
87,0.9555555555555556,0.9557365636313003,0.8481769889268722,0.8710006924665282,0.7333333333333333,0.7327190931469006,0.37224209947327497,0.39029989932999126,0.95,0.9504307317622449,0.8291957844773035,0.8540832858922667
88,0.9555555555555556,0.9557365636313003,0.8481769889268722,0.8710006924665282,0.7388888888888889,0.7379651678573097,0.3781373897675313,0.39878454365074695,0.95,0.9504307317622449,0.8291957844773035,0.8540832858922667
89,0.9444444444444444,0.9451629982603434,0.8266360284010736,0.837262423400528,0.7444444444444445,0.7372519470404985,0.3942605742411352,0.4208149772005718,0.9444444444444444,0.9451629982603434,0.8266360284010736,0.837262423400528
90,0.9277777777777778,0.9285685075158758,0.7961319787804166,0.7933561933744336,0.7444444444444445,0.7291888386026395,0.415568736813092,0.437169680886649,0.9277777777777778,0.9285685075158758,0.7961319787804166,0.7933561933744336
91,0.9388888888888889,0.939653645760516,0.815874305984257,0.8223026016213172,0.7388888888888889,0.7278482480711582,0.39670687084616646,0.420490172446266,0.9388888888888889,0.939653645760516,0.815874305984257,0.8223026016213172
92,0.95,0.9504307317622449,0.8291957844773035,0.8540832858922667,0.75,0.7454502744143335,0.3988810035065582,0.4248006368993813,0.95,0.9504307317622449,0.8291957844773035,0.8540832858922667
93,0.95,0.9504307317622449,0.8291957844773035,0.8540832858922667,0.7388888888888889,0.7368194908955777,0.3890281624601847,0.402627547285909,0.95,0.9504307317622449,0.8291957844773035,0.8540832858922667
94,0.9388888888888889,0.9396278248103099,0.8014089109860674,0.8223282677101919,0.75,0.7437977004164757,0.42003989074702225,0.4362228844482923,0.9444444444444444,0.9451629982603434,0.8266360284010736,0.837262423400528
95,0.9388888888888889,0.939653645760516,0.815874305984257,0.8223026016213172,0.7388888888888889,0.7230998878471847,0.42423266086016465,0.43690258470969884,0.9388888888888889,0.939653645760516,0.815874305984257,0.8223026016213172
96,0.9388888888888889,0.939653645760516,0.815874305984257,0.8223026016213172,0.7388888888888889,0.7230998878471847,0.42423266086016465,0.43690258470969884,0.9388888888888889,0.939653645760516,0.815874305984257,0.8223026016213172
97,0.9388888888888889,0.9396278248103099,0.8014089109860674,0.8223282677101919,0.7388888888888889,0.7332064416990228,0.399958261493991,0.41377875541446835,0.9444444444444444,0.9451629982603434,0.8266360284010736,0.837262423400528
98,0.9388888888888889,0.9396278248103099,0.8014089109860674,0.8223282677101919,0.7388888888888889,0.7332064416990228,0.399958261493991,0.41377875541446835,0.9388888888888889,0.9396278248103099,0.8014089109860674,0.8223282677101919
99,0.9388888888888889,0.939653645760516,0.815874305984257,0.8223026016213172,0.7444444444444445,0.733307941825058,0.418036340225957,0.4334299724621016,0.9388888888888889,0.939653645760516,0.815874305984257,0.8223026016213172
100,0.9388888888888889,0.939653645760516,0.815874305984257,0.8223026016213172,0.7333333333333333,0.7136250306811869,0.429738465946503,0.43519960265344615,0.9333333333333333,0.9341229341229341,0.8057298925341747,0.8076661071822351
101,0.9444444444444444,0.9451629982603434,0.8266360284010736,0.837262423400528,0.75,0.7432851085957188,0.42272674433287294,0.435740818258562,0.9444444444444444,0.9451629982603434,0.8266360284010736,0.837262423400528
102,0.9388888888888889,0.9396278248103099,0.8014089109860674,0.8223282677101919,0.7388888888888889,0.7333091184614964,0.4058068267604483,0.415838611029211,0.9388888888888889,0.9396278248103099,0.8014089109860674,0.8223282677101919
103,0.9388888888888889,0.9396278248103099,0.8014089109860674,0.8223282677101919,0.7444444444444445,0.7385654563904854,0.4204314048595122,0.42800315748050444,0.9444444444444444,0.9451629982603434,0.8266360284010736,0.837262423400528
104,0.9388888888888889,0.939653645760516,0.815874305984257,0.8223026016213172,0.7388888888888889,0.7253763185966576,0.4338013480686249,0.43655313559393516,0.9388888888888889,0.939653645760516,0.815874305984257,0.8223026016213172
105,0.9388888888888889,0.939653645760516,0.815874305984257,0.8223026016213172,0.7388888888888889,0.7253763185966576,0.4338013480686249,0.43655313559393516,0.9388888888888889,0.939653645760516,0.815874305984257,0.8223026016213172
106,0.9388888888888889,0.9396278248103099,0.8014089109860674,0.8223282677101919,0.7555555555555555,0.7481038630949218,0.44327307416006084,0.44934841206639164,0.9388888888888889,0.9396278248103099,0.8014089109860674,0.8223282677101919
107,0.9388888888888889,0.9396278248103099,0.8014089109860674,0.8223282677101919,0.75,0.7417529330572808,0.4393220195175624,0.4430388842743727,0.9388888888888889,0.9396278248103099,0.8014089109860674,0.8223282677101919
108,0.9388888888888889,0.939653645760516,0.815874305984257,0.8223026016213172,0.7388888888888889,0.7259777259777259,0.439559662737171,0.4391568308936327,0.9388888888888889,0.939653645760516,0.815874305984257,0.8223026016213172
109,0.9388888888888889,0.939653645760516,0.815874305984257,0.8223026016213172,0.7444444444444445,0.7306427198052813,0.45256590374633526,0.4488410002606039,0.9388888888888889,0.939653645760516,0.815874305984257,0.8223026016213172
110,0.9388888888888889,0.9396278248103099,0.8014089109860674,0.8223282677101919,0.75,0.7411435264181119,0.4486409467009756,0.4485581783560823,0.9388888888888889,0.9396278248103099,0.8014089109860674,0.8223282677101919
111,0.9333333333333333,0.9341218103929968,0.790677331320349,0.8075034153325769,0.7333333333333333,0.7208684546615581,0.4324758716816502,0.4300673894114617,0.9333333333333333,0.9341218103929968,0.790677331320349,0.8075034153325769
112,0.9388888888888889,0.939653645760516,0.815874305984257,0.8223026016213172,0.7333333333333333,0.721529235382309,0.4390992545363083,0.4328943490824196,0.9388888888888889,0.939653645760516,0.815874305984257,0.8223026016213172
113,0.9388888888888889,0.939653645760516,0.815874305984257,0.8223026016213172,0.7388888888888889,0.7268712907810652,0.45989092011344523,0.44560065223542406,0.9388888888888889,0.939653645760516,0.815874305984257,0.8223026016213172
114,0.9388888888888889,0.939653645760516,0.815874305984257,0.8223026016213172,0.7333333333333333,0.7222574701594168,0.44684355193558617,0.4360399169619572,0.9388888888888889,0.939653645760516,0.815874305984257,0.8223026016213172
115,0.9388888888888889,0.939653645760516,0.815874305984257,0.8223026016213172,0.7166666666666667,0.7086847912535985,0.4189210453226398,0.40134145381241815,0.9388888888888889,0.939653645760516,0.815874305984257,0.8223026016213172
116,0.9388888888888889,0.939653645760516,0.815874305984257,0.8223026016213172,0.7166666666666667,0.7097026379356007,0.41573589920921117,0.39775147312523174,0.9388888888888889,0.939653645760516,0.815874305984257,0.8223026016213172
117,0.9388888888888889,0.939653645760516,0.815874305984257,0.8223026016213172,0.7166666666666667,0.7105014932558577,0.4258967499164383,0.4006264112796851,0.9388888888888889,0.939653645760516,0.815874305984257,0.8223026016213172
118,0.9388888888888889,0.939653645760516,0.815874305984257,0.8223026016213172,0.7222222222222222,0.718326082056131,0.43822795157494365,0.40482823224474196,0.9388888888888889,0.939653645760516,0.815874305984257,0.8223026016213172
119,0.9388888888888889,0.939653645760516,0.815874305984257,0.8223026016213172,0.7222222222222222,0.7188942257907774,0.43541756282381977,0.4017960622546963,0.9388888888888889,0.939653645760516,0.815874305984257,0.8223026016213172
